Name,Phone,Email
John Doe,123-456-7890,john.doe@example.com
Jane Smith,234-567-8901,jane.smith@example.com
Michael Johnson,345-678-9012,michael.johnson@example.com
Emily Davis,456-789-0123,emily.davis@example.com
Christopher Brown,567-890-1234,christopher.brown@example.com
Amanda Wilson,678-901-2345,amanda.wilson@example.com
David Clark,789-012-3456,david.clark@example.com
Sarah Lewis,890-123-4567,sarah.lewis@example.com
Robert Walker,901-234-5678,robert.walker@example.com
Jessica Robinson,012-345-6789,jessica.robinson@example.com
William Hall,123-456-7891,william.hall@example.com
Olivia Allen,234-567-8902,olivia.allen@example.com
James Young,345-678-9013,james.young@example.com
Isabella King,456-789-0124,isabella.king@example.com
Henry Scott,567-890-1235,henry.scott@example.com
Sophia Green,678-901-2346,sophia.green@example.com
Alexander Adams,789-012-3457,alexander.adams@example.com
Mia Baker,890-123-4568,mia.baker@example.com
Daniel Carter,901-234-5679,daniel.carter@example.com
Chloe Perez,012-345-6780,chloe.perez@example.com
Matthew Wright,123-456-7892,matthew.wright@example.com
Ava Mitchell,234-567-8903,ava.mitchell@example.com
Luke Lee,345-678-9014,luke.lee@example.com
Grace White,456-789-0125,grace.white@example.com
Jack Harris,567-890-1236,jack.harris@example.com
